--
-- PostgreSQL database dump
--

-- Dumped from database version 16.3 (Debian 16.3-1.pgdg120+1)
-- Dumped by pg_dump version 16.3 (Debian 16.3-1.pgdg120+1)

SET statement_timeout = 0;
SET lock_timeout = 0;
SET idle_in_transaction_session_timeout = 0;
SET client_encoding = 'UTF8';
SET standard_conforming_strings = on;
SELECT pg_catalog.set_config('search_path', '', false);
SET check_function_bodies = false;
SET xmloption = content;
SET client_min_messages = warning;
SET row_security = off;

SET default_tablespace = '';

SET default_table_access_method = heap;

--
-- Name: SDesk_app_department; Type: TABLE; Schema: public; Owner: postgres
--

CREATE TABLE public."SDesk_app_department" (
    id bigint NOT NULL,
    dep_name character varying(255) NOT NULL,
    short_name character varying(5) NOT NULL
);


ALTER TABLE public."SDesk_app_department" OWNER TO postgres;

--
-- Name: SDesk_app_department_id_seq; Type: SEQUENCE; Schema: public; Owner: postgres
--

ALTER TABLE public."SDesk_app_department" ALTER COLUMN id ADD GENERATED BY DEFAULT AS IDENTITY (
    SEQUENCE NAME public."SDesk_app_department_id_seq"
    START WITH 1
    INCREMENT BY 1
    NO MINVALUE
    NO MAXVALUE
    CACHE 1
);


--
-- Name: SDesk_app_permissionlevel; Type: TABLE; Schema: public; Owner: postgres
--

CREATE TABLE public."SDesk_app_permissionlevel" (
    id bigint NOT NULL,
    level_name character varying(30) NOT NULL,
    level_code character varying(5) NOT NULL
);


ALTER TABLE public."SDesk_app_permissionlevel" OWNER TO postgres;

--
-- Name: SDesk_app_permissionlevel_id_seq; Type: SEQUENCE; Schema: public; Owner: postgres
--

ALTER TABLE public."SDesk_app_permissionlevel" ALTER COLUMN id ADD GENERATED BY DEFAULT AS IDENTITY (
    SEQUENCE NAME public."SDesk_app_permissionlevel_id_seq"
    START WITH 1
    INCREMENT BY 1
    NO MINVALUE
    NO MAXVALUE
    CACHE 1
);


--
-- Name: SDesk_app_profile; Type: TABLE; Schema: public; Owner: postgres
--

CREATE TABLE public."SDesk_app_profile" (
    id bigint NOT NULL,
    system_name character varying(20) NOT NULL,
    last_name character varying(20) NOT NULL,
    first_name character varying(20) NOT NULL,
    cell_phone character varying(16) NOT NULL,
    inner_phone character varying(20) NOT NULL,
    super_user boolean NOT NULL,
    permission_level_id bigint NOT NULL,
    user_id integer NOT NULL,
    staff_position_id bigint NOT NULL
);


ALTER TABLE public."SDesk_app_profile" OWNER TO postgres;

--
-- Name: SDesk_app_profile_id_seq; Type: SEQUENCE; Schema: public; Owner: postgres
--

ALTER TABLE public."SDesk_app_profile" ALTER COLUMN id ADD GENERATED BY DEFAULT AS IDENTITY (
    SEQUENCE NAME public."SDesk_app_profile_id_seq"
    START WITH 1
    INCREMENT BY 1
    NO MINVALUE
    NO MAXVALUE
    CACHE 1
);


--
-- Name: SDesk_app_staffposition; Type: TABLE; Schema: public; Owner: postgres
--

CREATE TABLE public."SDesk_app_staffposition" (
    id bigint NOT NULL,
    position_name character varying(100) NOT NULL,
    department_id bigint NOT NULL
);


ALTER TABLE public."SDesk_app_staffposition" OWNER TO postgres;

--
-- Name: SDesk_app_staffposition_id_seq; Type: SEQUENCE; Schema: public; Owner: postgres
--

ALTER TABLE public."SDesk_app_staffposition" ALTER COLUMN id ADD GENERATED BY DEFAULT AS IDENTITY (
    SEQUENCE NAME public."SDesk_app_staffposition_id_seq"
    START WITH 1
    INCREMENT BY 1
    NO MINVALUE
    NO MAXVALUE
    CACHE 1
);


--
-- Name: SDesk_app_status; Type: TABLE; Schema: public; Owner: postgres
--

CREATE TABLE public."SDesk_app_status" (
    id bigint NOT NULL,
    status_code character varying(5) NOT NULL,
    status_str character varying(30) NOT NULL
);


ALTER TABLE public."SDesk_app_status" OWNER TO postgres;

--
-- Name: SDesk_app_status_id_seq; Type: SEQUENCE; Schema: public; Owner: postgres
--

ALTER TABLE public."SDesk_app_status" ALTER COLUMN id ADD GENERATED BY DEFAULT AS IDENTITY (
    SEQUENCE NAME public."SDesk_app_status_id_seq"
    START WITH 1
    INCREMENT BY 1
    NO MINVALUE
    NO MAXVALUE
    CACHE 1
);


--
-- Name: SDesk_app_task; Type: TABLE; Schema: public; Owner: postgres
--

CREATE TABLE public."SDesk_app_task" (
    id bigint NOT NULL,
    num_doc integer NOT NULL,
    title character varying(50) NOT NULL,
    description text NOT NULL,
    answer text NOT NULL,
    created_at date NOT NULL,
    start_exec_at timestamp with time zone,
    stop_exec_at timestamp with time zone,
    is_closed boolean NOT NULL,
    is_deleted boolean NOT NULL,
    closing_at timestamp with time zone,
    executor_id bigint,
    initiator_id bigint NOT NULL,
    status_id bigint NOT NULL
);


ALTER TABLE public."SDesk_app_task" OWNER TO postgres;

--
-- Name: SDesk_app_task_id_seq; Type: SEQUENCE; Schema: public; Owner: postgres
--

ALTER TABLE public."SDesk_app_task" ALTER COLUMN id ADD GENERATED BY DEFAULT AS IDENTITY (
    SEQUENCE NAME public."SDesk_app_task_id_seq"
    START WITH 1
    INCREMENT BY 1
    NO MINVALUE
    NO MAXVALUE
    CACHE 1
);


--
-- Name: auth_group; Type: TABLE; Schema: public; Owner: postgres
--

CREATE TABLE public.auth_group (
    id integer NOT NULL,
    name character varying(150) NOT NULL
);


ALTER TABLE public.auth_group OWNER TO postgres;

--
-- Name: auth_group_id_seq; Type: SEQUENCE; Schema: public; Owner: postgres
--

ALTER TABLE public.auth_group ALTER COLUMN id ADD GENERATED BY DEFAULT AS IDENTITY (
    SEQUENCE NAME public.auth_group_id_seq
    START WITH 1
    INCREMENT BY 1
    NO MINVALUE
    NO MAXVALUE
    CACHE 1
);


--
-- Name: auth_group_permissions; Type: TABLE; Schema: public; Owner: postgres
--

CREATE TABLE public.auth_group_permissions (
    id bigint NOT NULL,
    group_id integer NOT NULL,
    permission_id integer NOT NULL
);


ALTER TABLE public.auth_group_permissions OWNER TO postgres;

--
-- Name: auth_group_permissions_id_seq; Type: SEQUENCE; Schema: public; Owner: postgres
--

ALTER TABLE public.auth_group_permissions ALTER COLUMN id ADD GENERATED BY DEFAULT AS IDENTITY (
    SEQUENCE NAME public.auth_group_permissions_id_seq
    START WITH 1
    INCREMENT BY 1
    NO MINVALUE
    NO MAXVALUE
    CACHE 1
);


--
-- Name: auth_permission; Type: TABLE; Schema: public; Owner: postgres
--

CREATE TABLE public.auth_permission (
    id integer NOT NULL,
    name character varying(255) NOT NULL,
    content_type_id integer NOT NULL,
    codename character varying(100) NOT NULL
);


ALTER TABLE public.auth_permission OWNER TO postgres;

--
-- Name: auth_permission_id_seq; Type: SEQUENCE; Schema: public; Owner: postgres
--

ALTER TABLE public.auth_permission ALTER COLUMN id ADD GENERATED BY DEFAULT AS IDENTITY (
    SEQUENCE NAME public.auth_permission_id_seq
    START WITH 1
    INCREMENT BY 1
    NO MINVALUE
    NO MAXVALUE
    CACHE 1
);


--
-- Name: auth_user; Type: TABLE; Schema: public; Owner: postgres
--

CREATE TABLE public.auth_user (
    id integer NOT NULL,
    password character varying(128) NOT NULL,
    last_login timestamp with time zone,
    is_superuser boolean NOT NULL,
    username character varying(150) NOT NULL,
    first_name character varying(150) NOT NULL,
    last_name character varying(150) NOT NULL,
    email character varying(254) NOT NULL,
    is_staff boolean NOT NULL,
    is_active boolean NOT NULL,
    date_joined timestamp with time zone NOT NULL
);


ALTER TABLE public.auth_user OWNER TO postgres;

--
-- Name: auth_user_groups; Type: TABLE; Schema: public; Owner: postgres
--

CREATE TABLE public.auth_user_groups (
    id bigint NOT NULL,
    user_id integer NOT NULL,
    group_id integer NOT NULL
);


ALTER TABLE public.auth_user_groups OWNER TO postgres;

--
-- Name: auth_user_groups_id_seq; Type: SEQUENCE; Schema: public; Owner: postgres
--

ALTER TABLE public.auth_user_groups ALTER COLUMN id ADD GENERATED BY DEFAULT AS IDENTITY (
    SEQUENCE NAME public.auth_user_groups_id_seq
    START WITH 1
    INCREMENT BY 1
    NO MINVALUE
    NO MAXVALUE
    CACHE 1
);


--
-- Name: auth_user_id_seq; Type: SEQUENCE; Schema: public; Owner: postgres
--

ALTER TABLE public.auth_user ALTER COLUMN id ADD GENERATED BY DEFAULT AS IDENTITY (
    SEQUENCE NAME public.auth_user_id_seq
    START WITH 1
    INCREMENT BY 1
    NO MINVALUE
    NO MAXVALUE
    CACHE 1
);


--
-- Name: auth_user_user_permissions; Type: TABLE; Schema: public; Owner: postgres
--

CREATE TABLE public.auth_user_user_permissions (
    id bigint NOT NULL,
    user_id integer NOT NULL,
    permission_id integer NOT NULL
);


ALTER TABLE public.auth_user_user_permissions OWNER TO postgres;

--
-- Name: auth_user_user_permissions_id_seq; Type: SEQUENCE; Schema: public; Owner: postgres
--

ALTER TABLE public.auth_user_user_permissions ALTER COLUMN id ADD GENERATED BY DEFAULT AS IDENTITY (
    SEQUENCE NAME public.auth_user_user_permissions_id_seq
    START WITH 1
    INCREMENT BY 1
    NO MINVALUE
    NO MAXVALUE
    CACHE 1
);


--
-- Name: django_admin_log; Type: TABLE; Schema: public; Owner: postgres
--

CREATE TABLE public.django_admin_log (
    id integer NOT NULL,
    action_time timestamp with time zone NOT NULL,
    object_id text,
    object_repr character varying(200) NOT NULL,
    action_flag smallint NOT NULL,
    change_message text NOT NULL,
    content_type_id integer,
    user_id integer NOT NULL,
    CONSTRAINT django_admin_log_action_flag_check CHECK ((action_flag >= 0))
);


ALTER TABLE public.django_admin_log OWNER TO postgres;

--
-- Name: django_admin_log_id_seq; Type: SEQUENCE; Schema: public; Owner: postgres
--

ALTER TABLE public.django_admin_log ALTER COLUMN id ADD GENERATED BY DEFAULT AS IDENTITY (
    SEQUENCE NAME public.django_admin_log_id_seq
    START WITH 1
    INCREMENT BY 1
    NO MINVALUE
    NO MAXVALUE
    CACHE 1
);


--
-- Name: django_content_type; Type: TABLE; Schema: public; Owner: postgres
--

CREATE TABLE public.django_content_type (
    id integer NOT NULL,
    app_label character varying(100) NOT NULL,
    model character varying(100) NOT NULL
);


ALTER TABLE public.django_content_type OWNER TO postgres;

--
-- Name: django_content_type_id_seq; Type: SEQUENCE; Schema: public; Owner: postgres
--

ALTER TABLE public.django_content_type ALTER COLUMN id ADD GENERATED BY DEFAULT AS IDENTITY (
    SEQUENCE NAME public.django_content_type_id_seq
    START WITH 1
    INCREMENT BY 1
    NO MINVALUE
    NO MAXVALUE
    CACHE 1
);


--
-- Name: django_migrations; Type: TABLE; Schema: public; Owner: postgres
--

CREATE TABLE public.django_migrations (
    id bigint NOT NULL,
    app character varying(255) NOT NULL,
    name character varying(255) NOT NULL,
    applied timestamp with time zone NOT NULL
);


ALTER TABLE public.django_migrations OWNER TO postgres;

--
-- Name: django_migrations_id_seq; Type: SEQUENCE; Schema: public; Owner: postgres
--

ALTER TABLE public.django_migrations ALTER COLUMN id ADD GENERATED BY DEFAULT AS IDENTITY (
    SEQUENCE NAME public.django_migrations_id_seq
    START WITH 1
    INCREMENT BY 1
    NO MINVALUE
    NO MAXVALUE
    CACHE 1
);


--
-- Name: django_session; Type: TABLE; Schema: public; Owner: postgres
--

CREATE TABLE public.django_session (
    session_key character varying(40) NOT NULL,
    session_data text NOT NULL,
    expire_date timestamp with time zone NOT NULL
);


ALTER TABLE public.django_session OWNER TO postgres;

--
-- Data for Name: SDesk_app_department; Type: TABLE DATA; Schema: public; Owner: postgres
--

COPY public."SDesk_app_department" (id, dep_name, short_name) FROM stdin;
1	IT-департамент	IT
2	Бухгалтерия	BUH
3	Отдел кадров	OK
4	Не определен	None
\.


--
-- Data for Name: SDesk_app_permissionlevel; Type: TABLE DATA; Schema: public; Owner: postgres
--

COPY public."SDesk_app_permissionlevel" (id, level_name, level_code) FROM stdin;
1	IT	IT
2	Не назначен	UNC
3	Сотрудник	STAFF
\.


--
-- Data for Name: SDesk_app_profile; Type: TABLE DATA; Schema: public; Owner: postgres
--

COPY public."SDesk_app_profile" (id, system_name, last_name, first_name, cell_phone, inner_phone, super_user, permission_level_id, user_id, staff_position_id) FROM stdin;
1	admin	Админов	Тимофей	+7-333-333-33-33	33-33-33	t	1	1	1
2	pupkin	Пупкин	Василий	+7-111-111-11-11	11-11-11	f	1	2	5
3	belaya	Белая	Екатерина	+7-222-222-22-22	22-22-22	f	3	3	4
4	schetova	Счетова	Анастасия	+7-444-444-44-44	44-44-44	f	3	4	3
\.


--
-- Data for Name: SDesk_app_staffposition; Type: TABLE DATA; Schema: public; Owner: postgres
--

COPY public."SDesk_app_staffposition" (id, position_name, department_id) FROM stdin;
1	Руководитель IT отдела	1
2	Не оформлена	4
3	Бухгалтер	2
4	Специалист по работе с персоналом	3
5	IT-инженер	1
\.


--
-- Data for Name: SDesk_app_status; Type: TABLE DATA; Schema: public; Owner: postgres
--

COPY public."SDesk_app_status" (id, status_code, status_str) FROM stdin;
1	REG	Зарегистрирована
2	ACP	Принята
3	RVK	Отозвана
4	CPL	Исполнено
5	RJT	Отклонено
6	WRK	В работе
\.


--
-- Data for Name: SDesk_app_task; Type: TABLE DATA; Schema: public; Owner: postgres
--

COPY public."SDesk_app_task" (id, num_doc, title, description, answer, created_at, start_exec_at, stop_exec_at, is_closed, is_deleted, closing_at, executor_id, initiator_id, status_id) FROM stdin;
1	1	Отсуствует доступ в Интернет	С 8.00 часов отсутствует доступ в Интернет на рабочем месте.	Доступ в сеть успешно восстановлен.	2024-09-28	2024-09-28 17:12:56.771065+00	2024-09-28 17:13:34.683845+00	t	f	2024-09-28 17:13:47.663688+00	2	3	2
2	2	Переход на новую версию 1C	Прошу выполнить обновление версии 1С в связи с важными изменениями в законодательстве.		2024-09-28	\N	\N	f	f	\N	\N	4	1
\.


--
-- Data for Name: auth_group; Type: TABLE DATA; Schema: public; Owner: postgres
--

COPY public.auth_group (id, name) FROM stdin;
\.


--
-- Data for Name: auth_group_permissions; Type: TABLE DATA; Schema: public; Owner: postgres
--

COPY public.auth_group_permissions (id, group_id, permission_id) FROM stdin;
\.


--
-- Data for Name: auth_permission; Type: TABLE DATA; Schema: public; Owner: postgres
--

COPY public.auth_permission (id, name, content_type_id, codename) FROM stdin;
1	Can add log entry	1	add_logentry
2	Can change log entry	1	change_logentry
3	Can delete log entry	1	delete_logentry
4	Can view log entry	1	view_logentry
5	Can add permission	2	add_permission
6	Can change permission	2	change_permission
7	Can delete permission	2	delete_permission
8	Can view permission	2	view_permission
9	Can add group	3	add_group
10	Can change group	3	change_group
11	Can delete group	3	delete_group
12	Can view group	3	view_group
13	Can add user	4	add_user
14	Can change user	4	change_user
15	Can delete user	4	delete_user
16	Can view user	4	view_user
17	Can add content type	5	add_contenttype
18	Can change content type	5	change_contenttype
19	Can delete content type	5	delete_contenttype
20	Can view content type	5	view_contenttype
21	Can add session	6	add_session
22	Can change session	6	change_session
23	Can delete session	6	delete_session
24	Can view session	6	view_session
25	Can add Отдел	7	add_department
26	Can change Отдел	7	change_department
27	Can delete Отдел	7	delete_department
28	Can view Отдел	7	view_department
29	Can add Уровень доступа	8	add_permissionlevel
30	Can change Уровень доступа	8	change_permissionlevel
31	Can delete Уровень доступа	8	delete_permissionlevel
32	Can view Уровень доступа	8	view_permissionlevel
33	Can add Статус	9	add_status
34	Can change Статус	9	change_status
35	Can delete Статус	9	delete_status
36	Can view Статус	9	view_status
37	Can add Дожность	10	add_staffposition
38	Can change Дожность	10	change_staffposition
39	Can delete Дожность	10	delete_staffposition
40	Can view Дожность	10	view_staffposition
41	Can add Профиль	11	add_profile
42	Can change Профиль	11	change_profile
43	Can delete Профиль	11	delete_profile
44	Can view Профиль	11	view_profile
45	Can add Задача	12	add_task
46	Can change Задача	12	change_task
47	Can delete Задача	12	delete_task
48	Can view Задача	12	view_task
\.


--
-- Data for Name: auth_user; Type: TABLE DATA; Schema: public; Owner: postgres
--

COPY public.auth_user (id, password, last_login, is_superuser, username, first_name, last_name, email, is_staff, is_active, date_joined) FROM stdin;
1	pbkdf2_sha256$870000$T7H9kmZSLQN7SVBu26f2LK$6C6RExTOqCcnsQOyrUwD/EnYAUkBRzHPeZEpRi7eDQk=	2024-09-28 16:40:11.642237+00	t	admin				t	t	2024-09-28 16:39:48.29346+00
3	pbkdf2_sha256$870000$gp213S506hS7HSnODV2adu$pN2CNkOF57hvs9hHh78aGB91wBdFvv1EkaaLZgsyuYY=	2024-09-28 17:08:56.946001+00	f	belaya	Екатерина	Белая		f	t	2024-09-28 17:08:46.29865+00
2	pbkdf2_sha256$870000$fsZOZWD8zYJCtjyyyPAyQw$g2/tGvBy9uaMPH/hho0VgiaRy1zbO2h4Pn+jyTc0Lj0=	2024-09-28 17:12:37.009735+00	f	pupkin	Василий	Пупкин		f	t	2024-09-28 16:51:36.896932+00
4	pbkdf2_sha256$870000$anQwwu0vvPBRjJuO0fAbcR$qIf7IxkPm+ZWNNYQTeebA47g4q78vGrVtyUngdhB63g=	2024-09-28 17:21:11.982675+00	f	schetova	Анастасия	Счетова		f	t	2024-09-28 17:16:36.801697+00
\.


--
-- Data for Name: auth_user_groups; Type: TABLE DATA; Schema: public; Owner: postgres
--

COPY public.auth_user_groups (id, user_id, group_id) FROM stdin;
\.


--
-- Data for Name: auth_user_user_permissions; Type: TABLE DATA; Schema: public; Owner: postgres
--

COPY public.auth_user_user_permissions (id, user_id, permission_id) FROM stdin;
\.


--
-- Data for Name: django_admin_log; Type: TABLE DATA; Schema: public; Owner: postgres
--

COPY public.django_admin_log (id, action_time, object_id, object_repr, action_flag, change_message, content_type_id, user_id) FROM stdin;
1	2024-09-28 16:40:39.287192+00	1	IT	1	[{"added": {}}]	8	1
2	2024-09-28 16:41:03.775034+00	1	Зарегистрирована	1	[{"added": {}}]	9	1
3	2024-09-28 16:41:18.604922+00	2	Принята	1	[{"added": {}}]	9	1
4	2024-09-28 16:41:32.964347+00	3	Отозвана	1	[{"added": {}}]	9	1
5	2024-09-28 16:41:44.193891+00	4	Исполнено	1	[{"added": {}}]	9	1
6	2024-09-28 16:41:58.21086+00	5	Отклонено	1	[{"added": {}}]	9	1
7	2024-09-28 16:42:10.149358+00	1	Отдел: IT-департамент	1	[{"added": {}}]	7	1
8	2024-09-28 16:42:17.994012+00	2	Отдел: Бухгалтерия	1	[{"added": {}}]	7	1
9	2024-09-28 16:42:25.578969+00	3	Отдел: Отдел кадров	1	[{"added": {}}]	7	1
10	2024-09-28 16:42:40.914169+00	1	Должность: [Руководитель IT отдела] в отделе [IT-департамент]	1	[{"added": {}}]	10	1
11	2024-09-28 16:43:10.663279+00	4	Отдел: Не определен	1	[{"added": {}}]	7	1
12	2024-09-28 16:43:43.237408+00	2	Должность: [Не оформлена] в отделе [Не определен]	1	[{"added": {}}]	10	1
13	2024-09-28 16:43:53.125473+00	3	Должность: [Бухгалтер] в отделе [Бухгалтерия]	1	[{"added": {}}]	10	1
14	2024-09-28 16:45:07.138001+00	4	Должность: [Специалист по работе с персоналом] в отделе [Отдел кадров]	1	[{"added": {}}]	10	1
15	2024-09-28 16:47:55.494386+00	2	Не назначен	1	[{"added": {}}]	8	1
16	2024-09-28 16:49:24.702845+00	1	Админов Тимофей	1	[{"added": {}}]	11	1
17	2024-09-28 16:52:41.391664+00	2	Пупкин Василий	2	[{"changed": {"fields": ["\\u0421\\u043e\\u0442\\u043e\\u0432\\u044b\\u0439 \\u0442\\u0435\\u043b\\u0435\\u0444\\u043e\\u043d", "\\u0412\\u043d\\u0443\\u0442\\u0440\\u0435\\u043d\\u043d\\u0438\\u0439 \\u043d\\u043e\\u043c\\u0435\\u0440"]}}]	11	1
18	2024-09-28 16:54:32.755209+00	5	Должность: [IT-инженер] в отделе [IT-департамент]	1	[{"added": {}}]	10	1
19	2024-09-28 17:04:01.182114+00	6	В работе	1	[{"added": {}}]	9	1
20	2024-09-28 17:06:08.436479+00	2	Пупкин Василий	2	[{"changed": {"fields": ["\\u0414\\u043e\\u043b\\u0436\\u043d\\u043e\\u0441\\u0442\\u044c", "\\u0423\\u0440\\u043e\\u0432\\u0435\\u043d\\u044c \\u0434\\u043e\\u0441\\u0442\\u0443\\u043f\\u0430"]}}]	11	1
21	2024-09-28 17:09:28.454291+00	3	Сотрудник	1	[{"added": {}}]	8	1
22	2024-09-28 17:09:47.554486+00	3	Белая Екатерина	2	[{"changed": {"fields": ["\\u0414\\u043e\\u043b\\u0436\\u043d\\u043e\\u0441\\u0442\\u044c", "\\u0423\\u0440\\u043e\\u0432\\u0435\\u043d\\u044c \\u0434\\u043e\\u0441\\u0442\\u0443\\u043f\\u0430", "\\u0421\\u043e\\u0442\\u043e\\u0432\\u044b\\u0439 \\u0442\\u0435\\u043b\\u0435\\u0444\\u043e\\u043d", "\\u0412\\u043d\\u0443\\u0442\\u0440\\u0435\\u043d\\u043d\\u0438\\u0439 \\u043d\\u043e\\u043c\\u0435\\u0440"]}}]	11	1
23	2024-09-28 17:20:21.455387+00	4	Счетова Анастасия	2	[{"changed": {"fields": ["\\u0414\\u043e\\u043b\\u0436\\u043d\\u043e\\u0441\\u0442\\u044c", "\\u0423\\u0440\\u043e\\u0432\\u0435\\u043d\\u044c \\u0434\\u043e\\u0441\\u0442\\u0443\\u043f\\u0430", "\\u0421\\u043e\\u0442\\u043e\\u0432\\u044b\\u0439 \\u0442\\u0435\\u043b\\u0435\\u0444\\u043e\\u043d", "\\u0412\\u043d\\u0443\\u0442\\u0440\\u0435\\u043d\\u043d\\u0438\\u0439 \\u043d\\u043e\\u043c\\u0435\\u0440"]}}]	11	1
\.


--
-- Data for Name: django_content_type; Type: TABLE DATA; Schema: public; Owner: postgres
--

COPY public.django_content_type (id, app_label, model) FROM stdin;
1	admin	logentry
2	auth	permission
3	auth	group
4	auth	user
5	contenttypes	contenttype
6	sessions	session
7	SDesk_app	department
8	SDesk_app	permissionlevel
9	SDesk_app	status
10	SDesk_app	staffposition
11	SDesk_app	profile
12	SDesk_app	task
\.


--
-- Data for Name: django_migrations; Type: TABLE DATA; Schema: public; Owner: postgres
--

COPY public.django_migrations (id, app, name, applied) FROM stdin;
1	contenttypes	0001_initial	2024-09-28 16:39:07.152575+00
2	auth	0001_initial	2024-09-28 16:39:07.194906+00
3	SDesk_app	0001_initial	2024-09-28 16:39:07.241771+00
4	SDesk_app	0002_alter_status_status_str	2024-09-28 16:39:07.244368+00
5	SDesk_app	0003_permissionlevel_level_code	2024-09-28 16:39:07.247272+00
6	admin	0001_initial	2024-09-28 16:39:07.263282+00
7	admin	0002_logentry_remove_auto_add	2024-09-28 16:39:07.268881+00
8	admin	0003_logentry_add_action_flag_choices	2024-09-28 16:39:07.275532+00
9	contenttypes	0002_remove_content_type_name	2024-09-28 16:39:07.289352+00
10	auth	0002_alter_permission_name_max_length	2024-09-28 16:39:07.295097+00
11	auth	0003_alter_user_email_max_length	2024-09-28 16:39:07.299287+00
12	auth	0004_alter_user_username_opts	2024-09-28 16:39:07.303154+00
13	auth	0005_alter_user_last_login_null	2024-09-28 16:39:07.307471+00
14	auth	0006_require_contenttypes_0002	2024-09-28 16:39:07.308245+00
15	auth	0007_alter_validators_add_error_messages	2024-09-28 16:39:07.312471+00
16	auth	0008_alter_user_username_max_length	2024-09-28 16:39:07.318492+00
17	auth	0009_alter_user_last_name_max_length	2024-09-28 16:39:07.323299+00
18	auth	0010_alter_group_name_max_length	2024-09-28 16:39:07.328986+00
19	auth	0011_update_proxy_permissions	2024-09-28 16:39:07.334249+00
20	auth	0012_alter_user_first_name_max_length	2024-09-28 16:39:07.338487+00
21	sessions	0001_initial	2024-09-28 16:39:07.345727+00
\.


--
-- Data for Name: django_session; Type: TABLE DATA; Schema: public; Owner: postgres
--

COPY public.django_session (session_key, session_data, expire_date) FROM stdin;
olive08f53av8bzle9chtamtxi8f8l13	.eJxVjEEOwiAQRe_C2pBChQGX7j0DGWZAqgaS0q6Md7dNutDtf-_9twi4LiWsPc1hYnERSpx-t4j0THUH_MB6b5JaXeYpyl2RB-3y1ji9rof7d1Cwl61GtFk78GZUgyMNzmdOGhQlx0MC67I1I-HZDjEqZm0JSPtNyGiACMTnC9wsN-M:1suaUN:0m-8VgrvBmAHGg_nk333o46FC1ARbz6Zgd7xaZLVHUw	2024-10-12 16:40:11.643504+00
vp1774yfmip9a3k0cpyngl0vano3wrga	.eJxVjEEOwiAQRe_C2pAKDBSX7j0DGYZBqgaS0q6Md7dNutDtf-_9twi4LiWsnecwJXERSpx-t4j05LqD9MB6b5JaXeYpyl2RB-3y1hK_rof7d1Cwl622hIYweTIA2metQGeXXTyzVSOg2xD7pDJZa1GRZwDI7HEweRy8NuLzBfa-OCM:1suazl:podEzVgMRIJCAd5ZBL-M-s3Z8BPE8yFwKrX18Fxwrck	2024-10-12 17:12:37.011061+00
yhku0uhn3jdsq0duwx0z929c93h2xclo	.eJxVjEEOwiAQRe_C2hDooDAu3XuGZmAYqRpISrsy3l2bdKHb_977LzXSupRx7XkeJ1Zn5dThd4uUHrlugO9Ub02nVpd5inpT9E67vjbOz8vu_h0U6uVbC0RCFmcxp5Rc4CEbYoveIg4sWYw4OIFDgSOg9UF8IBbC6ACjSer9AQddOIA:1sub83:9tOtthXIqw-f1br2iuVsmH0rcKfY_gzXs330vn63bkU	2024-10-12 17:21:11.98398+00
\.


--
-- Name: SDesk_app_department_id_seq; Type: SEQUENCE SET; Schema: public; Owner: postgres
--

SELECT pg_catalog.setval('public."SDesk_app_department_id_seq"', 4, true);


--
-- Name: SDesk_app_permissionlevel_id_seq; Type: SEQUENCE SET; Schema: public; Owner: postgres
--

SELECT pg_catalog.setval('public."SDesk_app_permissionlevel_id_seq"', 3, true);


--
-- Name: SDesk_app_profile_id_seq; Type: SEQUENCE SET; Schema: public; Owner: postgres
--

SELECT pg_catalog.setval('public."SDesk_app_profile_id_seq"', 4, true);


--
-- Name: SDesk_app_staffposition_id_seq; Type: SEQUENCE SET; Schema: public; Owner: postgres
--

SELECT pg_catalog.setval('public."SDesk_app_staffposition_id_seq"', 5, true);


--
-- Name: SDesk_app_status_id_seq; Type: SEQUENCE SET; Schema: public; Owner: postgres
--

SELECT pg_catalog.setval('public."SDesk_app_status_id_seq"', 6, true);


--
-- Name: SDesk_app_task_id_seq; Type: SEQUENCE SET; Schema: public; Owner: postgres
--

SELECT pg_catalog.setval('public."SDesk_app_task_id_seq"', 2, true);


--
-- Name: auth_group_id_seq; Type: SEQUENCE SET; Schema: public; Owner: postgres
--

SELECT pg_catalog.setval('public.auth_group_id_seq', 1, false);


--
-- Name: auth_group_permissions_id_seq; Type: SEQUENCE SET; Schema: public; Owner: postgres
--

SELECT pg_catalog.setval('public.auth_group_permissions_id_seq', 1, false);


--
-- Name: auth_permission_id_seq; Type: SEQUENCE SET; Schema: public; Owner: postgres
--

SELECT pg_catalog.setval('public.auth_permission_id_seq', 48, true);


--
-- Name: auth_user_groups_id_seq; Type: SEQUENCE SET; Schema: public; Owner: postgres
--

SELECT pg_catalog.setval('public.auth_user_groups_id_seq', 1, false);


--
-- Name: auth_user_id_seq; Type: SEQUENCE SET; Schema: public; Owner: postgres
--

SELECT pg_catalog.setval('public.auth_user_id_seq', 4, true);


--
-- Name: auth_user_user_permissions_id_seq; Type: SEQUENCE SET; Schema: public; Owner: postgres
--

SELECT pg_catalog.setval('public.auth_user_user_permissions_id_seq', 1, false);


--
-- Name: django_admin_log_id_seq; Type: SEQUENCE SET; Schema: public; Owner: postgres
--

SELECT pg_catalog.setval('public.django_admin_log_id_seq', 23, true);


--
-- Name: django_content_type_id_seq; Type: SEQUENCE SET; Schema: public; Owner: postgres
--

SELECT pg_catalog.setval('public.django_content_type_id_seq', 12, true);


--
-- Name: django_migrations_id_seq; Type: SEQUENCE SET; Schema: public; Owner: postgres
--

SELECT pg_catalog.setval('public.django_migrations_id_seq', 21, true);


--
-- Name: SDesk_app_department SDesk_app_department_dep_name_key; Type: CONSTRAINT; Schema: public; Owner: postgres
--

ALTER TABLE ONLY public."SDesk_app_department"
    ADD CONSTRAINT "SDesk_app_department_dep_name_key" UNIQUE (dep_name);


--
-- Name: SDesk_app_department SDesk_app_department_pkey; Type: CONSTRAINT; Schema: public; Owner: postgres
--

ALTER TABLE ONLY public."SDesk_app_department"
    ADD CONSTRAINT "SDesk_app_department_pkey" PRIMARY KEY (id);


--
-- Name: SDesk_app_permissionlevel SDesk_app_permissionlevel_pkey; Type: CONSTRAINT; Schema: public; Owner: postgres
--

ALTER TABLE ONLY public."SDesk_app_permissionlevel"
    ADD CONSTRAINT "SDesk_app_permissionlevel_pkey" PRIMARY KEY (id);


--
-- Name: SDesk_app_profile SDesk_app_profile_pkey; Type: CONSTRAINT; Schema: public; Owner: postgres
--

ALTER TABLE ONLY public."SDesk_app_profile"
    ADD CONSTRAINT "SDesk_app_profile_pkey" PRIMARY KEY (id);


--
-- Name: SDesk_app_profile SDesk_app_profile_system_name_key; Type: CONSTRAINT; Schema: public; Owner: postgres
--

ALTER TABLE ONLY public."SDesk_app_profile"
    ADD CONSTRAINT "SDesk_app_profile_system_name_key" UNIQUE (system_name);


--
-- Name: SDesk_app_profile SDesk_app_profile_user_id_key; Type: CONSTRAINT; Schema: public; Owner: postgres
--

ALTER TABLE ONLY public."SDesk_app_profile"
    ADD CONSTRAINT "SDesk_app_profile_user_id_key" UNIQUE (user_id);


--
-- Name: SDesk_app_staffposition SDesk_app_staffposition_pkey; Type: CONSTRAINT; Schema: public; Owner: postgres
--

ALTER TABLE ONLY public."SDesk_app_staffposition"
    ADD CONSTRAINT "SDesk_app_staffposition_pkey" PRIMARY KEY (id);


--
-- Name: SDesk_app_status SDesk_app_status_pkey; Type: CONSTRAINT; Schema: public; Owner: postgres
--

ALTER TABLE ONLY public."SDesk_app_status"
    ADD CONSTRAINT "SDesk_app_status_pkey" PRIMARY KEY (id);


--
-- Name: SDesk_app_task SDesk_app_task_pkey; Type: CONSTRAINT; Schema: public; Owner: postgres
--

ALTER TABLE ONLY public."SDesk_app_task"
    ADD CONSTRAINT "SDesk_app_task_pkey" PRIMARY KEY (id);


--
-- Name: auth_group auth_group_name_key; Type: CONSTRAINT; Schema: public; Owner: postgres
--

ALTER TABLE ONLY public.auth_group
    ADD CONSTRAINT auth_group_name_key UNIQUE (name);


--
-- Name: auth_group_permissions auth_group_permissions_group_id_permission_id_0cd325b0_uniq; Type: CONSTRAINT; Schema: public; Owner: postgres
--

ALTER TABLE ONLY public.auth_group_permissions
    ADD CONSTRAINT auth_group_permissions_group_id_permission_id_0cd325b0_uniq UNIQUE (group_id, permission_id);


--
-- Name: auth_group_permissions auth_group_permissions_pkey; Type: CONSTRAINT; Schema: public; Owner: postgres
--

ALTER TABLE ONLY public.auth_group_permissions
    ADD CONSTRAINT auth_group_permissions_pkey PRIMARY KEY (id);


--
-- Name: auth_group auth_group_pkey; Type: CONSTRAINT; Schema: public; Owner: postgres
--

ALTER TABLE ONLY public.auth_group
    ADD CONSTRAINT auth_group_pkey PRIMARY KEY (id);


--
-- Name: auth_permission auth_permission_content_type_id_codename_01ab375a_uniq; Type: CONSTRAINT; Schema: public; Owner: postgres
--

ALTER TABLE ONLY public.auth_permission
    ADD CONSTRAINT auth_permission_content_type_id_codename_01ab375a_uniq UNIQUE (content_type_id, codename);


--
-- Name: auth_permission auth_permission_pkey; Type: CONSTRAINT; Schema: public; Owner: postgres
--

ALTER TABLE ONLY public.auth_permission
    ADD CONSTRAINT auth_permission_pkey PRIMARY KEY (id);


--
-- Name: auth_user_groups auth_user_groups_pkey; Type: CONSTRAINT; Schema: public; Owner: postgres
--

ALTER TABLE ONLY public.auth_user_groups
    ADD CONSTRAINT auth_user_groups_pkey PRIMARY KEY (id);


--
-- Name: auth_user_groups auth_user_groups_user_id_group_id_94350c0c_uniq; Type: CONSTRAINT; Schema: public; Owner: postgres
--

ALTER TABLE ONLY public.auth_user_groups
    ADD CONSTRAINT auth_user_groups_user_id_group_id_94350c0c_uniq UNIQUE (user_id, group_id);


--
-- Name: auth_user auth_user_pkey; Type: CONSTRAINT; Schema: public; Owner: postgres
--

ALTER TABLE ONLY public.auth_user
    ADD CONSTRAINT auth_user_pkey PRIMARY KEY (id);


--
-- Name: auth_user_user_permissions auth_user_user_permissions_pkey; Type: CONSTRAINT; Schema: public; Owner: postgres
--

ALTER TABLE ONLY public.auth_user_user_permissions
    ADD CONSTRAINT auth_user_user_permissions_pkey PRIMARY KEY (id);


--
-- Name: auth_user_user_permissions auth_user_user_permissions_user_id_permission_id_14a6b632_uniq; Type: CONSTRAINT; Schema: public; Owner: postgres
--

ALTER TABLE ONLY public.auth_user_user_permissions
    ADD CONSTRAINT auth_user_user_permissions_user_id_permission_id_14a6b632_uniq UNIQUE (user_id, permission_id);


--
-- Name: auth_user auth_user_username_key; Type: CONSTRAINT; Schema: public; Owner: postgres
--

ALTER TABLE ONLY public.auth_user
    ADD CONSTRAINT auth_user_username_key UNIQUE (username);


--
-- Name: django_admin_log django_admin_log_pkey; Type: CONSTRAINT; Schema: public; Owner: postgres
--

ALTER TABLE ONLY public.django_admin_log
    ADD CONSTRAINT django_admin_log_pkey PRIMARY KEY (id);


--
-- Name: django_content_type django_content_type_app_label_model_76bd3d3b_uniq; Type: CONSTRAINT; Schema: public; Owner: postgres
--

ALTER TABLE ONLY public.django_content_type
    ADD CONSTRAINT django_content_type_app_label_model_76bd3d3b_uniq UNIQUE (app_label, model);


--
-- Name: django_content_type django_content_type_pkey; Type: CONSTRAINT; Schema: public; Owner: postgres
--

ALTER TABLE ONLY public.django_content_type
    ADD CONSTRAINT django_content_type_pkey PRIMARY KEY (id);


--
-- Name: django_migrations django_migrations_pkey; Type: CONSTRAINT; Schema: public; Owner: postgres
--

ALTER TABLE ONLY public.django_migrations
    ADD CONSTRAINT django_migrations_pkey PRIMARY KEY (id);


--
-- Name: django_session django_session_pkey; Type: CONSTRAINT; Schema: public; Owner: postgres
--

ALTER TABLE ONLY public.django_session
    ADD CONSTRAINT django_session_pkey PRIMARY KEY (session_key);


--
-- Name: SDesk_app_department_dep_name_53ac44f6_like; Type: INDEX; Schema: public; Owner: postgres
--

CREATE INDEX "SDesk_app_department_dep_name_53ac44f6_like" ON public."SDesk_app_department" USING btree (dep_name varchar_pattern_ops);


--
-- Name: SDesk_app_profile_permission_level_id_b7a2431c; Type: INDEX; Schema: public; Owner: postgres
--

CREATE INDEX "SDesk_app_profile_permission_level_id_b7a2431c" ON public."SDesk_app_profile" USING btree (permission_level_id);


--
-- Name: SDesk_app_profile_staff_position_id_8eb20423; Type: INDEX; Schema: public; Owner: postgres
--

CREATE INDEX "SDesk_app_profile_staff_position_id_8eb20423" ON public."SDesk_app_profile" USING btree (staff_position_id);


--
-- Name: SDesk_app_profile_system_name_a23e07b6_like; Type: INDEX; Schema: public; Owner: postgres
--

CREATE INDEX "SDesk_app_profile_system_name_a23e07b6_like" ON public."SDesk_app_profile" USING btree (system_name varchar_pattern_ops);


--
-- Name: SDesk_app_staffposition_department_id_623fd7c1; Type: INDEX; Schema: public; Owner: postgres
--

CREATE INDEX "SDesk_app_staffposition_department_id_623fd7c1" ON public."SDesk_app_staffposition" USING btree (department_id);


--
-- Name: SDesk_app_task_executor_id_42bd79d7; Type: INDEX; Schema: public; Owner: postgres
--

CREATE INDEX "SDesk_app_task_executor_id_42bd79d7" ON public."SDesk_app_task" USING btree (executor_id);


--
-- Name: SDesk_app_task_initiator_id_99451229; Type: INDEX; Schema: public; Owner: postgres
--

CREATE INDEX "SDesk_app_task_initiator_id_99451229" ON public."SDesk_app_task" USING btree (initiator_id);


--
-- Name: SDesk_app_task_status_id_3b0e9f4c; Type: INDEX; Schema: public; Owner: postgres
--

CREATE INDEX "SDesk_app_task_status_id_3b0e9f4c" ON public."SDesk_app_task" USING btree (status_id);


--
-- Name: auth_group_name_a6ea08ec_like; Type: INDEX; Schema: public; Owner: postgres
--

CREATE INDEX auth_group_name_a6ea08ec_like ON public.auth_group USING btree (name varchar_pattern_ops);


--
-- Name: auth_group_permissions_group_id_b120cbf9; Type: INDEX; Schema: public; Owner: postgres
--

CREATE INDEX auth_group_permissions_group_id_b120cbf9 ON public.auth_group_permissions USING btree (group_id);


--
-- Name: auth_group_permissions_permission_id_84c5c92e; Type: INDEX; Schema: public; Owner: postgres
--

CREATE INDEX auth_group_permissions_permission_id_84c5c92e ON public.auth_group_permissions USING btree (permission_id);


--
-- Name: auth_permission_content_type_id_2f476e4b; Type: INDEX; Schema: public; Owner: postgres
--

CREATE INDEX auth_permission_content_type_id_2f476e4b ON public.auth_permission USING btree (content_type_id);


--
-- Name: auth_user_groups_group_id_97559544; Type: INDEX; Schema: public; Owner: postgres
--

CREATE INDEX auth_user_groups_group_id_97559544 ON public.auth_user_groups USING btree (group_id);


--
-- Name: auth_user_groups_user_id_6a12ed8b; Type: INDEX; Schema: public; Owner: postgres
--

CREATE INDEX auth_user_groups_user_id_6a12ed8b ON public.auth_user_groups USING btree (user_id);


--
-- Name: auth_user_user_permissions_permission_id_1fbb5f2c; Type: INDEX; Schema: public; Owner: postgres
--

CREATE INDEX auth_user_user_permissions_permission_id_1fbb5f2c ON public.auth_user_user_permissions USING btree (permission_id);


--
-- Name: auth_user_user_permissions_user_id_a95ead1b; Type: INDEX; Schema: public; Owner: postgres
--

CREATE INDEX auth_user_user_permissions_user_id_a95ead1b ON public.auth_user_user_permissions USING btree (user_id);


--
-- Name: auth_user_username_6821ab7c_like; Type: INDEX; Schema: public; Owner: postgres
--

CREATE INDEX auth_user_username_6821ab7c_like ON public.auth_user USING btree (username varchar_pattern_ops);


--
-- Name: django_admin_log_content_type_id_c4bce8eb; Type: INDEX; Schema: public; Owner: postgres
--

CREATE INDEX django_admin_log_content_type_id_c4bce8eb ON public.django_admin_log USING btree (content_type_id);


--
-- Name: django_admin_log_user_id_c564eba6; Type: INDEX; Schema: public; Owner: postgres
--

CREATE INDEX django_admin_log_user_id_c564eba6 ON public.django_admin_log USING btree (user_id);


--
-- Name: django_session_expire_date_a5c62663; Type: INDEX; Schema: public; Owner: postgres
--

CREATE INDEX django_session_expire_date_a5c62663 ON public.django_session USING btree (expire_date);


--
-- Name: django_session_session_key_c0390e0f_like; Type: INDEX; Schema: public; Owner: postgres
--

CREATE INDEX django_session_session_key_c0390e0f_like ON public.django_session USING btree (session_key varchar_pattern_ops);


--
-- Name: SDesk_app_profile SDesk_app_profile_permission_level_id_b7a2431c_fk_SDesk_app; Type: FK CONSTRAINT; Schema: public; Owner: postgres
--

ALTER TABLE ONLY public."SDesk_app_profile"
    ADD CONSTRAINT "SDesk_app_profile_permission_level_id_b7a2431c_fk_SDesk_app" FOREIGN KEY (permission_level_id) REFERENCES public."SDesk_app_permissionlevel"(id) DEFERRABLE INITIALLY DEFERRED;


--
-- Name: SDesk_app_profile SDesk_app_profile_staff_position_id_8eb20423_fk_SDesk_app; Type: FK CONSTRAINT; Schema: public; Owner: postgres
--

ALTER TABLE ONLY public."SDesk_app_profile"
    ADD CONSTRAINT "SDesk_app_profile_staff_position_id_8eb20423_fk_SDesk_app" FOREIGN KEY (staff_position_id) REFERENCES public."SDesk_app_staffposition"(id) DEFERRABLE INITIALLY DEFERRED;


--
-- Name: SDesk_app_profile SDesk_app_profile_user_id_b867c144_fk_auth_user_id; Type: FK CONSTRAINT; Schema: public; Owner: postgres
--

ALTER TABLE ONLY public."SDesk_app_profile"
    ADD CONSTRAINT "SDesk_app_profile_user_id_b867c144_fk_auth_user_id" FOREIGN KEY (user_id) REFERENCES public.auth_user(id) DEFERRABLE INITIALLY DEFERRED;


--
-- Name: SDesk_app_staffposition SDesk_app_staffposit_department_id_623fd7c1_fk_SDesk_app; Type: FK CONSTRAINT; Schema: public; Owner: postgres
--

ALTER TABLE ONLY public."SDesk_app_staffposition"
    ADD CONSTRAINT "SDesk_app_staffposit_department_id_623fd7c1_fk_SDesk_app" FOREIGN KEY (department_id) REFERENCES public."SDesk_app_department"(id) DEFERRABLE INITIALLY DEFERRED;


--
-- Name: SDesk_app_task SDesk_app_task_executor_id_42bd79d7_fk_SDesk_app_profile_id; Type: FK CONSTRAINT; Schema: public; Owner: postgres
--

ALTER TABLE ONLY public."SDesk_app_task"
    ADD CONSTRAINT "SDesk_app_task_executor_id_42bd79d7_fk_SDesk_app_profile_id" FOREIGN KEY (executor_id) REFERENCES public."SDesk_app_profile"(id) DEFERRABLE INITIALLY DEFERRED;


--
-- Name: SDesk_app_task SDesk_app_task_initiator_id_99451229_fk_SDesk_app_profile_id; Type: FK CONSTRAINT; Schema: public; Owner: postgres
--

ALTER TABLE ONLY public."SDesk_app_task"
    ADD CONSTRAINT "SDesk_app_task_initiator_id_99451229_fk_SDesk_app_profile_id" FOREIGN KEY (initiator_id) REFERENCES public."SDesk_app_profile"(id) DEFERRABLE INITIALLY DEFERRED;


--
-- Name: SDesk_app_task SDesk_app_task_status_id_3b0e9f4c_fk_SDesk_app_status_id; Type: FK CONSTRAINT; Schema: public; Owner: postgres
--

ALTER TABLE ONLY public."SDesk_app_task"
    ADD CONSTRAINT "SDesk_app_task_status_id_3b0e9f4c_fk_SDesk_app_status_id" FOREIGN KEY (status_id) REFERENCES public."SDesk_app_status"(id) DEFERRABLE INITIALLY DEFERRED;


--
-- Name: auth_group_permissions auth_group_permissio_permission_id_84c5c92e_fk_auth_perm; Type: FK CONSTRAINT; Schema: public; Owner: postgres
--

ALTER TABLE ONLY public.auth_group_permissions
    ADD CONSTRAINT auth_group_permissio_permission_id_84c5c92e_fk_auth_perm FOREIGN KEY (permission_id) REFERENCES public.auth_permission(id) DEFERRABLE INITIALLY DEFERRED;


--
-- Name: auth_group_permissions auth_group_permissions_group_id_b120cbf9_fk_auth_group_id; Type: FK CONSTRAINT; Schema: public; Owner: postgres
--

ALTER TABLE ONLY public.auth_group_permissions
    ADD CONSTRAINT auth_group_permissions_group_id_b120cbf9_fk_auth_group_id FOREIGN KEY (group_id) REFERENCES public.auth_group(id) DEFERRABLE INITIALLY DEFERRED;


--
-- Name: auth_permission auth_permission_content_type_id_2f476e4b_fk_django_co; Type: FK CONSTRAINT; Schema: public; Owner: postgres
--

ALTER TABLE ONLY public.auth_permission
    ADD CONSTRAINT auth_permission_content_type_id_2f476e4b_fk_django_co FOREIGN KEY (content_type_id) REFERENCES public.django_content_type(id) DEFERRABLE INITIALLY DEFERRED;


--
-- Name: auth_user_groups auth_user_groups_group_id_97559544_fk_auth_group_id; Type: FK CONSTRAINT; Schema: public; Owner: postgres
--

ALTER TABLE ONLY public.auth_user_groups
    ADD CONSTRAINT auth_user_groups_group_id_97559544_fk_auth_group_id FOREIGN KEY (group_id) REFERENCES public.auth_group(id) DEFERRABLE INITIALLY DEFERRED;


--
-- Name: auth_user_groups auth_user_groups_user_id_6a12ed8b_fk_auth_user_id; Type: FK CONSTRAINT; Schema: public; Owner: postgres
--

ALTER TABLE ONLY public.auth_user_groups
    ADD CONSTRAINT auth_user_groups_user_id_6a12ed8b_fk_auth_user_id FOREIGN KEY (user_id) REFERENCES public.auth_user(id) DEFERRABLE INITIALLY DEFERRED;


--
-- Name: auth_user_user_permissions auth_user_user_permi_permission_id_1fbb5f2c_fk_auth_perm; Type: FK CONSTRAINT; Schema: public; Owner: postgres
--

ALTER TABLE ONLY public.auth_user_user_permissions
    ADD CONSTRAINT auth_user_user_permi_permission_id_1fbb5f2c_fk_auth_perm FOREIGN KEY (permission_id) REFERENCES public.auth_permission(id) DEFERRABLE INITIALLY DEFERRED;


--
-- Name: auth_user_user_permissions auth_user_user_permissions_user_id_a95ead1b_fk_auth_user_id; Type: FK CONSTRAINT; Schema: public; Owner: postgres
--

ALTER TABLE ONLY public.auth_user_user_permissions
    ADD CONSTRAINT auth_user_user_permissions_user_id_a95ead1b_fk_auth_user_id FOREIGN KEY (user_id) REFERENCES public.auth_user(id) DEFERRABLE INITIALLY DEFERRED;


--
-- Name: django_admin_log django_admin_log_content_type_id_c4bce8eb_fk_django_co; Type: FK CONSTRAINT; Schema: public; Owner: postgres
--

ALTER TABLE ONLY public.django_admin_log
    ADD CONSTRAINT django_admin_log_content_type_id_c4bce8eb_fk_django_co FOREIGN KEY (content_type_id) REFERENCES public.django_content_type(id) DEFERRABLE INITIALLY DEFERRED;


--
-- Name: django_admin_log django_admin_log_user_id_c564eba6_fk_auth_user_id; Type: FK CONSTRAINT; Schema: public; Owner: postgres
--

ALTER TABLE ONLY public.django_admin_log
    ADD CONSTRAINT django_admin_log_user_id_c564eba6_fk_auth_user_id FOREIGN KEY (user_id) REFERENCES public.auth_user(id) DEFERRABLE INITIALLY DEFERRED;


--
-- PostgreSQL database dump complete
--

